{
    "bxDim": 2.889473684210526,
    "byDim": 2.889473684210526,
    "bzDim": 1.2842105263157895,
    "baffle_thickness": 0.2407894736842105,
    "baffle_height": 0.481578947368421,
    "baffle_width": 0.2407894736842105,
    "baffle_positions": [
        {
            "x": 1.244078947368421,
            "y": 0.6019736842105263,
            "z": 0.0
        },
        {
            "x": 1.244078947368421,
            "y": 2.6085526315789473,
            "z": 0.0
        },
        {
            "x": 2.046710526315789,
            "y": 1.6052631578947367,
            "z": 0.0
        }
    ],
    "granular_thickness": 0.5618421052631578,
    "granular_height": 0.4013157894736842,
    "granular_width": 2.2473684210526312
}