{
    "bxDim": 3.457894736842105,
    "byDim": 3.457894736842105,
    "bzDim": 1.536842105263158,
    "baffle_thickness": 0.2881578947368421,
    "baffle_height": 0.5763157894736842,
    "baffle_width": 0.2881578947368421,
    "baffle_positions": [
        {
            "x": 1.4888157894736842,
            "y": 0.7203947368421053,
            "z": 0.0
        },
        {
            "x": 1.4888157894736842,
            "y": 3.1217105263157894,
            "z": 0.0
        },
        {
            "x": 2.449342105263158,
            "y": 1.9210526315789473,
            "z": 0.0
        }
    ],
    "granular_thickness": 0.6723684210526315,
    "granular_height": 0.48026315789473684,
    "granular_width": 2.689473684210526
}