{
    "bxDim": 2.6052631578947367,
    "byDim": 2.6052631578947367,
    "bzDim": 1.157894736842105,
    "baffle_thickness": 0.21710526315789472,
    "baffle_height": 0.43421052631578944,
    "baffle_width": 0.21710526315789472,
    "baffle_positions": [
        {
            "x": 1.1217105263157894,
            "y": 0.5427631578947367,
            "z": 0.0
        },
        {
            "x": 1.1217105263157894,
            "y": 2.351973684210526,
            "z": 0.0
        },
        {
            "x": 1.8453947368421049,
            "y": 1.4473684210526314,
            "z": 0.0
        }
    ],
    "granular_thickness": 0.506578947368421,
    "granular_height": 0.36184210526315785,
    "granular_width": 2.026315789473684
}