{
    "bxDim": 2.036842105263158,
    "byDim": 2.036842105263158,
    "bzDim": 0.9052631578947369,
    "baffle_thickness": 0.16973684210526316,
    "baffle_height": 0.3394736842105263,
    "baffle_width": 0.16973684210526316,
    "baffle_positions": [
        {
            "x": 0.8769736842105263,
            "y": 0.42434210526315785,
            "z": 0.0
        },
        {
            "x": 0.8769736842105263,
            "y": 1.838815789473684,
            "z": 0.0
        },
        {
            "x": 1.4427631578947366,
            "y": 1.131578947368421,
            "z": 0.0
        }
    ],
    "granular_thickness": 0.3960526315789473,
    "granular_height": 0.28289473684210525,
    "granular_width": 1.5842105263157893
}