{
    "bxDim": 2.3210526315789473,
    "byDim": 2.3210526315789473,
    "bzDim": 1.0315789473684212,
    "baffle_thickness": 0.19342105263157894,
    "baffle_height": 0.3868421052631579,
    "baffle_width": 0.19342105263157894,
    "baffle_positions": [
        {
            "x": 0.9993421052631579,
            "y": 0.48355263157894735,
            "z": 0.0
        },
        {
            "x": 0.9993421052631579,
            "y": 2.0953947368421053,
            "z": 0.0
        },
        {
            "x": 1.644078947368421,
            "y": 1.2894736842105263,
            "z": 0.0
        }
    ],
    "granular_thickness": 0.45131578947368417,
    "granular_height": 0.3223684210526316,
    "granular_width": 1.8052631578947367
}