{
    "bxDim": 1.3263157894736841,
    "byDim": 1.3263157894736841,
    "bzDim": 0.5894736842105263,
    "baffle_thickness": 0.11052631578947368,
    "baffle_height": 0.22105263157894736,
    "baffle_width": 0.11052631578947368,
    "baffle_positions": [
        {
            "x": 0.5710526315789474,
            "y": 0.2763157894736842,
            "z": 0.0
        },
        {
            "x": 0.5710526315789474,
            "y": 1.1973684210526314,
            "z": 0.0
        },
        {
            "x": 0.9394736842105262,
            "y": 0.7368421052631579,
            "z": 0.0
        }
    ],
    "granular_thickness": 0.25789473684210523,
    "granular_height": 0.18421052631578946,
    "granular_width": 1.031578947368421
}