{
    "bxDim": 3.3157894736842106,
    "byDim": 3.3157894736842106,
    "bzDim": 1.473684210526316,
    "baffle_thickness": 0.2763157894736842,
    "baffle_height": 0.5526315789473684,
    "baffle_width": 0.2763157894736842,
    "baffle_positions": [
        {
            "x": 1.4276315789473684,
            "y": 0.6907894736842105,
            "z": 0.0
        },
        {
            "x": 1.4276315789473684,
            "y": 2.9934210526315788,
            "z": 0.0
        },
        {
            "x": 2.3486842105263155,
            "y": 1.8421052631578947,
            "z": 0.0
        }
    ],
    "granular_thickness": 0.644736842105263,
    "granular_height": 0.4605263157894737,
    "granular_width": 2.578947368421052
}