{
    "bxDim": 1.4684210526315788,
    "byDim": 1.4684210526315788,
    "bzDim": 0.6526315789473685,
    "baffle_thickness": 0.12236842105263157,
    "baffle_height": 0.24473684210526314,
    "baffle_width": 0.12236842105263157,
    "baffle_positions": [
        {
            "x": 0.6322368421052632,
            "y": 0.3059210526315789,
            "z": 0.0
        },
        {
            "x": 0.6322368421052632,
            "y": 1.325657894736842,
            "z": 0.0
        },
        {
            "x": 1.0401315789473684,
            "y": 0.8157894736842105,
            "z": 0.0
        }
    ],
    "granular_thickness": 0.2855263157894737,
    "granular_height": 0.20394736842105263,
    "granular_width": 1.1421052631578947
}