{
    "bxDim": 1.6105263157894738,
    "byDim": 1.6105263157894738,
    "bzDim": 0.7157894736842105,
    "baffle_thickness": 0.13421052631578947,
    "baffle_height": 0.26842105263157895,
    "baffle_width": 0.13421052631578947,
    "baffle_positions": [
        {
            "x": 0.6934210526315789,
            "y": 0.3355263157894737,
            "z": 0.0
        },
        {
            "x": 0.6934210526315789,
            "y": 1.4539473684210527,
            "z": 0.0
        },
        {
            "x": 1.1407894736842104,
            "y": 0.8947368421052632,
            "z": 0.0
        }
    ],
    "granular_thickness": 0.3131578947368421,
    "granular_height": 0.2236842105263158,
    "granular_width": 1.2526315789473683
}