{
    "bxDim": 2.7473684210526312,
    "byDim": 2.7473684210526312,
    "bzDim": 1.2210526315789474,
    "baffle_thickness": 0.2289473684210526,
    "baffle_height": 0.4578947368421052,
    "baffle_width": 0.2289473684210526,
    "baffle_positions": [
        {
            "x": 1.1828947368421052,
            "y": 0.5723684210526315,
            "z": 0.0
        },
        {
            "x": 1.1828947368421052,
            "y": 2.4802631578947367,
            "z": 0.0
        },
        {
            "x": 1.946052631578947,
            "y": 1.526315789473684,
            "z": 0.0
        }
    ],
    "granular_thickness": 0.5342105263157894,
    "granular_height": 0.381578947368421,
    "granular_width": 2.1368421052631574
}