{
    "bxDim": 1.894736842105263,
    "byDim": 1.894736842105263,
    "bzDim": 0.8421052631578947,
    "baffle_thickness": 0.15789473684210525,
    "baffle_height": 0.3157894736842105,
    "baffle_width": 0.15789473684210525,
    "baffle_positions": [
        {
            "x": 0.8157894736842105,
            "y": 0.39473684210526316,
            "z": 0.0
        },
        {
            "x": 0.8157894736842105,
            "y": 1.7105263157894737,
            "z": 0.0
        },
        {
            "x": 1.3421052631578945,
            "y": 1.0526315789473684,
            "z": 0.0
        }
    ],
    "granular_thickness": 0.3684210526315789,
    "granular_height": 0.2631578947368421,
    "granular_width": 1.4736842105263157
}