{
    "bxDim": 1.0421052631578949,
    "byDim": 1.0421052631578949,
    "bzDim": 0.46315789473684216,
    "baffle_thickness": 0.0868421052631579,
    "baffle_height": 0.1736842105263158,
    "baffle_width": 0.0868421052631579,
    "baffle_positions": [
        {
            "x": 0.4486842105263158,
            "y": 0.21710526315789475,
            "z": 0.0
        },
        {
            "x": 0.4486842105263158,
            "y": 0.9407894736842106,
            "z": 0.0
        },
        {
            "x": 0.7381578947368421,
            "y": 0.5789473684210527,
            "z": 0.0
        }
    ],
    "granular_thickness": 0.2026315789473684,
    "granular_height": 0.14473684210526316,
    "granular_width": 0.8105263157894737
}