{
    "bxDim": 2.4631578947368418,
    "byDim": 2.4631578947368418,
    "bzDim": 1.094736842105263,
    "baffle_thickness": 0.20526315789473681,
    "baffle_height": 0.41052631578947363,
    "baffle_width": 0.20526315789473681,
    "baffle_positions": [
        {
            "x": 1.0605263157894735,
            "y": 0.513157894736842,
            "z": 0.0
        },
        {
            "x": 1.0605263157894735,
            "y": 2.2236842105263155,
            "z": 0.0
        },
        {
            "x": 1.7447368421052627,
            "y": 1.3684210526315788,
            "z": 0.0
        }
    ],
    "granular_thickness": 0.4789473684210525,
    "granular_height": 0.3421052631578947,
    "granular_width": 1.91578947368421
}