{
    "bxDim": 2.1789473684210527,
    "byDim": 2.1789473684210527,
    "bzDim": 0.968421052631579,
    "baffle_thickness": 0.18157894736842103,
    "baffle_height": 0.36315789473684207,
    "baffle_width": 0.18157894736842103,
    "baffle_positions": [
        {
            "x": 0.9381578947368421,
            "y": 0.45394736842105265,
            "z": 0.0
        },
        {
            "x": 0.9381578947368421,
            "y": 1.9671052631578947,
            "z": 0.0
        },
        {
            "x": 1.5434210526315788,
            "y": 1.2105263157894737,
            "z": 0.0
        }
    ],
    "granular_thickness": 0.4236842105263158,
    "granular_height": 0.3026315789473684,
    "granular_width": 1.694736842105263
}