{
    "bxDim": 3.1736842105263157,
    "byDim": 3.1736842105263157,
    "bzDim": 1.4105263157894736,
    "baffle_thickness": 0.2644736842105263,
    "baffle_height": 0.5289473684210526,
    "baffle_width": 0.2644736842105263,
    "baffle_positions": [
        {
            "x": 1.3664473684210525,
            "y": 0.6611842105263157,
            "z": 0.0
        },
        {
            "x": 1.3664473684210525,
            "y": 2.865131578947368,
            "z": 0.0
        },
        {
            "x": 2.2480263157894735,
            "y": 1.763157894736842,
            "z": 0.0
        }
    ],
    "granular_thickness": 0.6171052631578947,
    "granular_height": 0.4407894736842105,
    "granular_width": 2.468421052631579
}