{
    "bxDim": 1.1842105263157896,
    "byDim": 1.1842105263157896,
    "bzDim": 0.5263157894736843,
    "baffle_thickness": 0.09868421052631579,
    "baffle_height": 0.19736842105263158,
    "baffle_width": 0.09868421052631579,
    "baffle_positions": [
        {
            "x": 0.5098684210526316,
            "y": 0.2467105263157895,
            "z": 0.0
        },
        {
            "x": 0.5098684210526316,
            "y": 1.0690789473684212,
            "z": 0.0
        },
        {
            "x": 0.8388157894736842,
            "y": 0.6578947368421053,
            "z": 0.0
        }
    ],
    "granular_thickness": 0.23026315789473684,
    "granular_height": 0.16447368421052633,
    "granular_width": 0.9210526315789473
}