{
    "bxDim": 3.031578947368421,
    "byDim": 3.031578947368421,
    "bzDim": 1.3473684210526315,
    "baffle_thickness": 0.2526315789473684,
    "baffle_height": 0.5052631578947367,
    "baffle_width": 0.2526315789473684,
    "baffle_positions": [
        {
            "x": 1.305263157894737,
            "y": 0.631578947368421,
            "z": 0.0
        },
        {
            "x": 1.305263157894737,
            "y": 2.7368421052631575,
            "z": 0.0
        },
        {
            "x": 2.147368421052631,
            "y": 1.6842105263157894,
            "z": 0.0
        }
    ],
    "granular_thickness": 0.5894736842105263,
    "granular_height": 0.42105263157894735,
    "granular_width": 2.357894736842105
}