{
    "bxDim": 1.7526315789473683,
    "byDim": 1.7526315789473683,
    "bzDim": 0.7789473684210526,
    "baffle_thickness": 0.14605263157894735,
    "baffle_height": 0.2921052631578947,
    "baffle_width": 0.14605263157894735,
    "baffle_positions": [
        {
            "x": 0.7546052631578947,
            "y": 0.36513157894736836,
            "z": 0.0
        },
        {
            "x": 0.7546052631578947,
            "y": 1.582236842105263,
            "z": 0.0
        },
        {
            "x": 1.2414473684210525,
            "y": 0.9736842105263157,
            "z": 0.0
        }
    ],
    "granular_thickness": 0.3407894736842105,
    "granular_height": 0.24342105263157893,
    "granular_width": 1.363157894736842
}